<!--

    Ant script to generate the GData java libraries and samples.
    To build, run 'ant -f <path-to-this-file>'.

-->

<project name="gdata-src" default="build" basedir=".">

  <!-- Include core build script -->
  <import file="build-src/core.xml"/>

  <!-- Include property specific build scripts -->
  <import file="build-src/appsforyourdomain.xml"/>
  <import file="build-src/blogger.xml"/>
  <import file="build-src/books.xml"/>
  <import file="build-src/calendar.xml"/>
  <import file="build-src/codesearch.xml"/>
  <import file="build-src/contacts.xml"/>
  <import file="build-src/docs.xml"/>
  <import file="build-src/finance.xml"/>
  <import file="build-src/gbase.xml"/>
  <import file="build-src/health.xml"/>
  <import file="build-src/photos.xml"/>
  <import file="build-src/spreadsheet.xml"/>
  <import file="build-src/youtube.xml"/>
  <import file="build-src/webmastertools.xml"/>


<!--  ===================================================================== -->
<!--                      Build Library                                     -->
<!--  ===================================================================== -->

  <!-- Build core and service specific libraries -->
  <target name="build">
    <antcall target="core.build.core"/>
    <antcall target="appsforyourdomain.build.appsforyourdomain"/>
    <antcall target="blogger.build.blogger"/>
    <antcall target="books.build.books"/>
    <antcall target="calendar.build.calendar"/>
    <antcall target="codesearch.build.codesearch"/>
    <antcall target="contacts.build.contacts"/>
    <antcall target="docs.build.docs"/>
    <antcall target="finance.build.finance"/>
    <antcall target="gbase.build.gbase"/>
    <antcall target="health.build.health"/>
    <antcall target="photos.build.photos"/>
    <antcall target="spreadsheet.build.spreadsheet"/>
    <antcall target="youtube.build.youtube"/>
    <antcall target="webmastertools.build.webmastertools"/>
  </target>

  <target name="clean">
    <antcall target="core.clean.core"/>
    <antcall target="appsforyourdomain.clean.appsforyourdomain"/>
    <antcall target="blogger.clean.blogger"/>
    <antcall target="books.clean.books"/>
    <antcall target="calendar.clean.calendar"/>
    <antcall target="codesearch.clean.codesearch"/>
    <antcall target="contacts.clean.contacts"/>
    <antcall target="docs.clean.docs"/>
    <antcall target="finance.clean.finance"/>
    <antcall target="gbase.clean.gbase"/>
    <antcall target="health.clean.health"/>
    <antcall target="photos.clean.photos"/>
    <antcall target="youtube.clean.youtube"/>
    <antcall target="webmastertools.clean.webmastertools"/>
  </target>


<!--  ===================================================================== -->
<!--                      Global target                                     -->
<!--  ===================================================================== -->
  <target name="all" depends="clean,build"/>

</project>
