<project name="blogger" default="blogger.build" basedir=".">
  <!-- Path containing blogger.xml -->
  <dirname property="build_dir" file="${ant.file.blogger}"/>
  <import file="${build_dir}/core.xml"/>

  <!--  ===================================================================== -->
  <!--                 Build GData Blogger library.                          -->
  <!--  ===================================================================== -->

  <property name="gdata-blogger.jar"
    value="${build.jars}/gdata-blogger-${blogger.spec.version}.jar"/>


  <target name="build.blogger" depends="core.build.core.media">
    <antcall target="template.build.service">
      <param name="template.service.name" value="blogger"/>
      <param name="template.service.version" value="${blogger.spec.version}"/>
      <param name="template.service.includes" value="**/blogger/**"/>
      <param name="template.service.excludes" value="none"/>
      <param name="template.service.classpath" value="build.service.media.classpath"/>
      <param name="template.service.name" value="blogger"/>
    </antcall>
  </target>

  <target name="clean.blogger">
    <antcall target="template.clean.service">
      <param name="template.service.name" value="blogger"/>
    </antcall>
  </target>

</project>
