<project name="books" default="build.books" basedir=".">
  <!-- Path containing books.xml -->
  <dirname property="build_dir" file="${ant.file.books}"/>
  <import file="${build_dir}/core.xml"/>

  <!--  ===================================================================== -->
  <!--                 Build GData Books library.                          -->
  <!--  ===================================================================== -->

  <property name="gdata-books.jar"
    value="${build.jars}/gdata-books-${books.spec.version}.jar"/>


  <target name="build.books" depends="core.build.core.client">
    <antcall target="template.build.service">
      <param name="template.service.name" value="books"/>
      <param name="template.service.version" value="${books.spec.version}"/>
      <param name="template.service.includes" value="**/books/**"/>
      <param name="template.service.excludes" value="none"/>
      <param name="template.service.classpath" value="build.service.core.classpath"/>
      <param name="template.service.name" value="books"/>
    </antcall>
  </target>

  <target name="clean.books">
    <antcall target="template.clean.service">
      <param name="template.service.name" value="books"/>
    </antcall>
  </target>


</project>
