<project name="calendar" default="build.calendar" basedir=".">
  <!-- Path containing calendar.xml -->
  <dirname property="build_dir" file="${ant.file.calendar}"/>
  <import file="${build_dir}/core.xml"/>

  <!--  ===================================================================== -->
  <!--                 Build GData Calendar library.                          -->
  <!--  ===================================================================== -->

  <property name="gdata-calendar.jar"
    value="${build.jars}/gdata-calendar-${calendar.spec.version}.jar"/>


  <target name="build.calendar" depends="core.build.core.client">
    <antcall target="template.build.service">
      <param name="template.service.name" value="calendar"/>
      <param name="template.service.version" value="${calendar.spec.version}"/>
      <param name="template.service.includes" value="**/calendar/**"/>
      <param name="template.service.excludes" value="none"/>
      <param name="template.service.classpath" value="build.service.core.classpath"/>
      <param name="template.service.name" value="calendar"/>
    </antcall>
  </target>

  <target name="clean.calendar">
    <antcall target="template.clean.service">
      <param name="template.service.name" value="calendar"/>
    </antcall>
  </target>


</project>
