<project name="codesearch" default="build.codesearch" basedir=".">

  <!-- Path containing codesearch.xml -->
  <dirname property="build_dir" file="${ant.file.codesearch}"/>
  <import file="${build_dir}/core.xml"/>

  <!--  ===================================================================== -->
  <!--                 Build GData Codesearch library.                        -->
  <!--  ===================================================================== -->
  <property name="gdata-codesearch.jar"
    value="${build.jars}/gdata-codesearch-${codesearch.spec.version}.jar"/>

  <target name="build.codesearch" depends="core.build.core.client">
    <antcall target="template.build.service">
      <param name="template.service.name" value="codesearch"/>
      <param name="template.service.version" value="${codesearch.spec.version}"/>
      <param name="template.service.includes" value="**/codesearch/**"/>
      <param name="template.service.excludes" value="none"/>
      <param name="template.service.classpath" value="build.service.core.classpath"/>
      <param name="template.service.name" value="codesearch"/>
    </antcall>
  </target>

  <target name="clean.codesearch">
    <antcall target="template.clean.service">
      <param name="template.service.name" value="codesearch"/>
    </antcall>
  </target>

</project>
