<project name="contacts" default="sample.contacts.build" basedir=".">
  <!-- Path containing core.xml -->
  <dirname property="build_dir" file="${ant.file.contacts}"/>
  <import file="${build_dir}/core.xml"/>

  <!--  ===================================================================== -->
  <!--                 Build GData contacts library.                            -->
  <!--  ===================================================================== -->

  <property name="gdata-contacts.jar"
    value="${build.jars}/gdata-contacts-${contacts.spec.version}.jar"/>

  <target name="build.contacts" depends="core.build.core.client">
    <antcall target="template.build.service">
      <param name="template.service.name" value="contacts"/>
      <param name="template.service.version" value="${contacts.spec.version}"/>
      <param name="template.service.includes" value="**/contacts/**"/>
      <param name="template.service.excludes" value="none"/>
      <param name="template.service.classpath" value="build.service.core.classpath"/>
    </antcall>
  </target>

  <target name="clean.contacts">
    <antcall target="template.clean.service">
      <param name="template.service.name" value="contacts"/>
    </antcall>
  </target>

</project>
