<project name="docs" default="build.docs" basedir=".">

  <!-- Path containing docs.xml -->
  <dirname property="build_dir" file="${ant.file.docs}"/>
  <import file="${build_dir}/core.xml"/>
  <import file="${build_dir}/spreadsheet.xml"/>

  <!--  ===================================================================== -->
  <!--                 Build GData docs library.                 -->
  <!--  ===================================================================== -->

  <property name="gdata-docs.jar"
    value="${build.jars}/gdata-docs-${docs.spec.version}.jar"/>

  <path id="build.service.docs.classpath">
    <pathelement location="${mail.jar}"/>
    <pathelement location="${activation.jar}"/>
    <pathelement location="${gdata-media.jar}"/>
    <pathelement location="${gdata-spreadsheet.jar}"/>
  </path>

  <target name="build.docs" depends="core.build.core.media,spreadsheet.build.spreadsheet">
    <antcall target="template.build.service">
      <param name="template.service.name" value="docs"/>
      <param name="template.service.version" value="${docs.spec.version}"/>
      <param name="template.service.includes" value="**/docs/**"/>
      <param name="template.service.excludes" value="none"/>
      <param name="template.service.classpath" value="build.service.docs.classpath"/>
      <param name="template.service.name" value="docs"/>
    </antcall>
  </target>

  <target name="clean.docs">
    <antcall target="template.clean.service">
      <param name="template.service.name" value="docs"/>
    </antcall>
  </target>

</project>
