<project name="finance" default="build.finance" basedir=".">
  <!-- Path containing finance.xml -->
  <dirname property="build_dir" file="${ant.file.finance}"/>
  <import file="${build_dir}/core.xml"/>

  <!--  ===================================================================== -->
  <!--                 Build GData finance library.                          -->
  <!--  ===================================================================== -->

  <property name="gdata-finance.jar"
    value="${build.jars}/gdata-finance-${finance.spec.version}.jar"/>


  <target name="build.finance" depends="core.build.core.client">
    <antcall target="template.build.service">
      <param name="template.service.name" value="finance"/>
      <param name="template.service.version" value="${finance.spec.version}"/>
      <param name="template.service.includes" value="**/finance/**"/>
      <param name="template.service.excludes" value="none"/>
      <param name="template.service.classpath" value="build.service.core.classpath"/>
      <param name="template.service.name" value="finance"/>
    </antcall>
  </target>

  <target name="clean.finance">
    <antcall target="template.clean.service">
      <param name="template.service.name" value="finance"/>
    </antcall>
  </target>


</project>
