<project name="gbase" default="build.gbase" basedir=".">
  <!-- Path containing core.xml -->
  <dirname property="build_dir" file="${ant.file.gbase}"/>
  <import file="${build_dir}/core.xml"/>

  <!--  ===================================================================== -->
  <!--                 Build the GData Base API library.             -->
  <!--  ===================================================================== -->

  <!-- build Properties -->
  <property name="gdata-base.manifest"
            value="${build.genfiles.manifest}/base.manifest"/>
  <property name="gdata-base.jar"
            value="${build.jars}/gdata-base-${base.spec.version}.jar"/>
  <property name="build.classes.base" value="${build.classes}/base"/>


  <!-- build Google Base API -->
  <path id="build.gbase.classpath">
    <pathelement location="${mail.jar}"/>
    <pathelement location="${activation.jar}"/>
    <pathelement location="${gdata-media.jar}"/>
  </path>

  <target name="build.gbase" depends="core.build.core.media">
    <mkdir dir="${build.classes.base}"/>
    <javac debug="${javac.debug}" debuglevel="${javac.debuglevel}" sourcepath=""
                         srcdir="${build.src}"
                         destdir="${build.classes.base}">
      <include name="**/gbase/client/*.java"/>
      <classpath refid="build.gbase.classpath"/>
    </javac>
    <jar destfile="${gdata-base.jar}"
         basedir="${build.classes.base}"
         manifest="${gdata-base.manifest}" />
  </target>

  <target name="clean.gbase">
    <delete dir="${build.classes.base}"/>
  </target>

</project>
