<project name="photos" default="build.photos" basedir=".">
  <!-- Path containing core.xml -->
  <dirname property="build_dir" file="${ant.file.core}"/>
  <import file="${build_dir}/core.xml"/>


  <!--  ===================================================================== -->
  <!--                 Build GData photos library.                            -->
  <!--  ===================================================================== -->

  <property name="gdata-photos.jar"
    value="${build.jars}/gdata-photos-${photos.spec.version}.jar"/>

  <target name="build.photos" depends="core.build.core.media">
    <antcall target="template.build.service">
      <param name="template.service.name" value="photos"/>
      <param name="template.service.version" value="${photos.spec.version}"/>
      <param name="template.service.includes" value="**/photos/**"/>
      <param name="template.service.excludes" value="none"/>
      <param name="template.service.classpath" value="build.service.media.classpath"/>
      <param name="template.service.name" value="photos"/>
    </antcall>
  </target>

  <target name="clean.photos">
    <antcall target="template.clean.service">
      <param name="template.service.name" value="photos"/>
    </antcall>
  </target>


</project>
