<project name="webmastertools" default="build.webmastertools" basedir=".">
  <!-- Path containing webmastertools.xml -->
  <dirname property="build_dir" file="${ant.file.webmastertools}"/>
  <import file="${build_dir}/core.xml"/>

  <!--  ===================================================================== -->
  <!--                 Build GData webmastertools library.                          -->
  <!--  ===================================================================== -->

  <property name="gdata-webmastertools.jar"
    value="${build.jars}/gdata-webmastertools-${webmastertools.spec.version}.jar"/>


  <target name="build.webmastertools" depends="core.build.core.client">
    <antcall target="template.build.service">
      <param name="template.service.name" value="webmastertools"/>
      <param name="template.service.version" value="${webmastertools.spec.version}"/>
      <param name="template.service.includes" value="**/webmastertools/**"/>
      <param name="template.service.excludes" value="none"/>
      <param name="template.service.classpath" value="build.service.core.classpath"/>
      <param name="template.service.name" value="webmastertools"/>
    </antcall>
  </target>

  <target name="clean.webmastertools">
    <antcall target="template.clean.service">
      <param name="template.service.name" value="webmastertools"/>
    </antcall>
  </target>


</project>
