<project name="youtube" default="build.youtube" basedir=".">
  <!-- Path containing core.xml -->
  <dirname property="build_dir" file="${ant.file.core}"/>
  <import file="${build_dir}/core.xml"/>


  <!--  ===================================================================== -->
  <!--                 Build GData youtube library.                            -->
  <!--  ===================================================================== -->

  <property name="gdata-youtube.jar"
    value="${build.jars}/gdata-youtube-${youtube.spec.version}.jar"/>

  <target name="build.youtube" depends="core.build.core.media">
    <antcall target="template.build.service">
      <param name="template.service.name" value="youtube"/>
      <param name="template.service.version" value="${youtube.spec.version}"/>
      <param name="template.service.includes" value="**/youtube/**"/>
      <param name="template.service.excludes" value="none"/>
      <param name="template.service.classpath" value="build.service.media.classpath"/>
      <param name="template.service.name" value="youtube"/>
    </antcall>
  </target>

  <target name="clean.youtube">
    <antcall target="template.clean.service">
      <param name="template.service.name" value="youtube"/>
    </antcall>
  </target>

</project>
